{"scores": [{"9": [0.9155964471623608, 0.6819879626340689, 0.8964522808535239, 0.0]}, {"9": [0.9406113804908054, 0.8040322222368975, 0.8964522808535239, 0.0]}, {"9": [0.9712572329270311, 0.9598120345968759, 0.8964522808535239, 0.0]}]}