{"scores": [{"9": [0.9761956271841868, 0.9206248764484737, 0.9332172469409894, 0.0]}, {"10": [0.9773842212672352, 0.9162236056174962, 0.9417603266515248, 0.0]}, {"11": [0.978117675583248, 0.9169380668058962, 0.9449667212469778, 0.0]}]}