{"scores": [{"9": [0.9592383558784477, 0.899277600980777, 0.9063507951101466, 0.0]}, {"10": [0.9623873018830571, 0.9097335366534798, 0.9112766973481379, 0.0]}, {"11": [0.9617071079980356, 0.9009512341182372, 0.915980040103729, 0.0]}]}