{"scores": [{"10": [0.9440061936157529, 0.8862769282537245, 0.8521282120428127, NaN]}, {"9": [0.9473766289740642, 0.8721285156806488, 0.879140819780833, NaN]}]}