{"scores": [{"9": [0.9866806770335589, 0.9390640068101426, 0.9868739422052278, NaN]}, {"10": [0.9875400474723384, 0.9431203643832674, 0.9860350938717233, NaN]}, {"11": [0.986701050126174, 0.9390923411527469, 0.9861575599084714, NaN]}]}