{"scores": [{"9": [0.9143397313126419, 0.6872803803919452, 0.8779037996607085, 0.0]}, {"10": [0.9116601555722718, 0.6730217551361057, 0.8759917893474084, 0.0]}]}