{"scores": [{"9": [0.9609127731239553, 0.841670580658136, 0.911998148097885, 0.0]}, {"9": [0.9758957309790639, 0.9575610245745524, 0.911998148097885, 0.0]}]}